down_bytes_per_sec,up_bytes_per_sec,priority,protocol
4500.0,3688.5,1,DNS
195208.8,7417.4,2,HTTPS
241741.4,58413.8,2,HTTPS
3817.7,1721.3,1,DNS
504103.3,63170.5,3,YOUTUBE
3543.0,1927.4,1,DNS
968.1,123.5,1,MDNS
3166.3,311.3,1,DNS
8066.8,10200.6,2,HTTPS
3500.5,1855.6,1,DNS
61392.1,72377.6,2,HTTPS
4533.8,3960.3,1,DNS
440606.7,9271.3,2,CDN_DOWNLOAD
532.1,2846.7,1,DNS.GOOGLE
102152.0,49794.5,2,HTTPS
68584.2,37995.7,5,RTP
140904.7,11850.5,2,HTTPS
760.4,713.6,1,MDNS
88525.8,72549.2,5,DISCORD
160638.7,47075.0,2,HTTPS
4882.5,1643.5,1,UNKNOWN
83232.5,24785.9,3,INSTAGRAM
597.4,2322.4,1,DNS
270602.7,74850.5,3,FACEBOOK
28014.9,77797.7,2,HTTPS
8872.8,18858.6,2,HTTPS
53825.1,29112.2,5,RTP
179204.3,43156.3,2,HTTPS
767.7,270.1,1,MDNS
273298.4,52928.6,3,YOUTUBE
59381.3,64091.9,5,WHATSAPP_CALL
2616.8,1589.0,5,STUN
833.0,905.7,1,DNS.GOOGLE
95608.3,69846.8,2,HTTPS
762.0,4387.2,1,UNKNOWN
1038.2,2692.9,1,DNS.GOOGLE
13432.9,53627.1,2,HTTPS
435089.2,93058.1,3,YOUTUBE
132284.7,13748.4,2,HTTPS
786493.9,10049.9,3,YOUTUBE
669.5,2664.8,1,DNS
138324.7,27050.4,3,INSTAGRAM
3051.4,2212.3,1,DNS
678669.7,69710.2,3,YOUTUBE
4796.1,1136.9,1,UNKNOWN
15527.9,22761.9,2,HTTPS
34804.4,19664.3,2,HTTPS
3587.6,1989.9,1,UNKNOWN
221507.7,70603.2,2,HTTPS
1187.4,3185.8,1,DNS
1582.4,2466.0,1,DNS
46387.9,42743.0,3,INSTAGRAM
153492.3,27899.3,3,INSTAGRAM
62951.5,57540.2,5,WHATSAPP_CALL
60266.6,72189.8,2,HTTPS
8756.8,39018.9,2,HTTPS
1052.1,1202.6,1,DNS
205364.9,68541.0,2,HTTPS
4848.6,2936.6,1,UNKNOWN
408890.1,15391.7,3,YOUTUBE
122108.0,148705.8,5,RTP
539.5,158.8,1,MDNS
32703.5,25759.0,2,HTTPS
146732.6,60111.1,3,INSTAGRAM
846.3,1510.8,5,STUN
265.1,1540.0,1,DNS
269584.3,63089.5,3,INSTAGRAM
905.1,488.7,1,MDNS
207306.3,58800.8,2,HTTPS
293698.0,68788.7,2,HTTPS
733.9,2514.3,1,UNKNOWN
223598.7,77916.7,2,HTTPS
3773.0,936.6,1,DNS
131359.4,145163.4,5,DISCORD
277944.6,90426.0,3,FACEBOOK
1439543.9,55056.2,3,YOUTUBE
3459.5,3574.4,1,DNS
2203.0,3977.0,1,DNS
397.3,2176.3,1,DNS
3139.4,1847.1,1,DNS
1453821.9,80272.3,3,YOUTUBE
4853.5,2095.9,1,DNS
150568.9,16267.1,3,INSTAGRAM
128521.1,103004.8,5,DISCORD
1583.6,3239.2,1,DNS
17081.2,24075.3,2,HTTPS
294.4,1563.8,1,UNKNOWN
1007367.3,5061.0,3,YOUTUBE
1881.0,1276.4,1,DNS
675.4,622.0,1,MDNS
30371.0,23112.2,2,HTTPS
41.8,118.3,1,ICMP
69563.0,38907.9,2,HTTPS
4096.2,2620.8,1,DNS
1452014.9,14323.2,3,YOUTUBE
1649.7,1380.8,1,DNS
1034438.7,35635.6,3,YOUTUBE
1040815.7,23953.1,3,YOUTUBE
168513.7,25482.9,2,HTTPS
172166.2,51008.9,2,HTTPS
595150.6,88212.5,3,YOUTUBE
250984.3,46980.6,3,YOUTUBE
4687.4,2907.9,1,DNS
670120.3,44948.0,3,YOUTUBE
332.8,2323.9,1,DNS
89974.5,115819.9,5,DISCORD
1532.9,1251.1,1,UNKNOWN
234548.5,56610.6,3,YOUTUBE
475347.6,76756.8,3,YOUTUBE
2134.1,222.6,1,DNS
177484.0,77129.8,5,RTP
21134.4,66731.8,2,HTTPS
1687.4,532.1,1,UNKNOWN
2511.0,1459.0,1,DNS
223439.5,54604.2,2,HTTPS
34845.7,20379.8,3,INSTAGRAM
223425.1,40633.8,2,HTTPS
204325.8,68475.9,2,HTTPS
1692.3,3958.8,1,DNS
148061.8,55646.4,2,HTTPS
5010.5,49095.7,2,HTTPS
33574.8,17934.9,2,HTTPS
1257453.4,47162.5,3,YOUTUBE
40934.4,33555.5,2,HTTPS
2478.8,2541.0,5,STUN
1241445.4,69725.4,3,YOUTUBE
628.6,362.9,1,MDNS
948.5,4101.8,1,UNKNOWN
878.8,3721.2,1,UNKNOWN
740429.7,32553.4,3,YOUTUBE
4796.7,2490.2,1,UNKNOWN
1974.2,3503.4,1,UNKNOWN
127984.5,35137.0,2,HTTPS
139839.3,46008.3,2,HTTPS
94314.7,52318.5,2,HTTPS
255553.1,9050.0,3,FACEBOOK
193303.4,78167.5,5,WHATSAPP_CALL
97533.1,78631.5,3,INSTAGRAM
4308.0,2112.2,1,DNS
3589.9,1684.4,1,DNS
198496.2,29445.6,2,HTTPS
115001.5,58638.7,3,INSTAGRAM
1185.5,2311.6,1,DNS.GOOGLE
2090.9,3681.4,1,DNS
1901.3,2385.2,1,UNKNOWN
2892.9,4640.7,1,UNKNOWN
2149.2,475.3,1,DNS.GOOGLE
4784.9,1522.8,1,DNS
2036.8,272.4,1,UNKNOWN
184.4,104.3,1,MDNS
280599.0,39160.2,2,HTTPS
3927.2,2444.8,1,DNS.GOOGLE
86252.8,72484.6,3,INSTAGRAM
268279.5,60953.5,2,HTTPS
509.0,2525.2,1,DNS
254806.5,7684.8,2,HTTPS
2465.5,2538.0,1,DNS.GOOGLE
77808.7,109328.0,5,WHATSAPP_CALL
4946.6,2380.4,1,DNS
79486.0,36126.2,2,HTTPS
1165.7,815.9,1,DNS
165561.0,40959.9,5,RTP
962217.7,68522.5,3,YOUTUBE
243952.6,71676.7,2,HTTPS
2158.5,2277.0,1,DNS
59664.8,58938.2,2,HTTPS
135601.8,81983.7,5,WHATSAPP_CALL
122666.6,78953.9,5,RTP
3168.7,2323.0,1,DNS
24810.6,35345.9,2,HTTPS
540.2,496.9,1,DNS
1263.1,442.0,1,DNS.GOOGLE
182439.4,27811.7,2,HTTPS
282482.2,73937.3,2,HTTPS
3575.7,458.2,1,DNS
387883.6,12103.8,3,FACEBOOK
1287133.1,93521.9,3,YOUTUBE
628868.5,10381.6,3,YOUTUBE
51044.9,40323.4,3,INSTAGRAM
67349.6,19047.0,5,WHATSAPP_CALL
1452.2,1471.3,1,DNS
643.2,1686.6,1,DNS.GOOGLE
278768.8,54750.2,3,INSTAGRAM
109534.5,11926.6,3,FACEBOOK
456945.7,21686.5,2,CDN_DOWNLOAD
237.9,2945.1,1,DNS.GOOGLE
319166.4,19148.1,2,CDN_DOWNLOAD
167670.4,75834.9,2,HTTPS
400.4,335.3,1,DNS
992988.6,45994.0,3,YOUTUBE
4279.2,3891.6,1,DNS
21330.2,62341.8,2,HTTPS
116153.5,131139.8,5,RTP
3697.5,2784.9,1,UNKNOWN
230876.0,56244.4,2,HTTPS
668908.7,18088.2,3,YOUTUBE
1350862.8,98340.8,3,YOUTUBE
1129.5,1858.8,1,DNS
73449.9,47912.2,2,HTTPS
225505.3,71290.2,2,HTTPS
2315.4,2973.7,1,DNS.GOOGLE
217348.9,65384.5,2,HTTPS
42381.2,16086.3,2,HTTPS
108151.9,53106.3,2,HTTPS
91261.8,49277.7,2,HTTPS
227445.7,12296.4,3,YOUTUBE
165375.6,40604.5,2,HTTPS
119948.3,73632.6,3,INSTAGRAM
215374.5,75431.3,2,HTTPS
1241.5,1995.6,1,DNS.GOOGLE
437926.1,71288.3,3,YOUTUBE
128296.4,90540.4,3,YOUTUBE
194124.1,25983.8,3,INSTAGRAM
45453.8,78123.2,2,HTTPS
223863.1,18440.0,2,HTTPS
4118.6,739.5,1,DNS
2125.2,1984.7,5,STUN
215646.0,52396.2,3,YOUTUBE
87000.4,31965.8,2,HTTPS
35208.8,52677.5,5,RTP
2491.9,4320.7,1,UNKNOWN
413.2,981.8,1,DNS
132170.1,6076.3,2,HTTPS
2799.4,1521.7,1,DNS
184578.1,71667.2,2,HTTPS
183340.9,124382.9,5,WHATSAPP_CALL
3793.5,1737.7,1,UNKNOWN
98133.7,72719.1,5,RTP
225916.1,9283.9,3,INSTAGRAM
119492.6,58261.2,2,HTTPS
4296.8,4693.0,1,UNKNOWN
880273.7,58988.8,3,YOUTUBE
285695.9,41222.6,3,YOUTUBE
3706.2,482.4,1,DNS.GOOGLE
240878.7,76175.4,2,HTTPS
78730.1,44338.8,2,HTTPS
2094.1,2539.1,1,DNS
3364.3,3173.2,1,DNS
129439.9,31781.4,5,RTP
515434.6,30129.2,3,YOUTUBE
141503.7,36312.9,2,HTTPS
1450534.0,50619.8,3,YOUTUBE
241.3,75.1,1,MDNS
174400.6,19089.2,2,CDN_DOWNLOAD
507.4,883.3,1,DNS
1177.0,2620.3,1,DNS.GOOGLE
190949.8,13458.3,2,HTTPS
276.4,616.5,1,UNKNOWN
206910.2,69124.5,2,HTTPS
110835.6,73149.0,3,YOUTUBE
215792.1,22206.3,2,HTTPS
3456.3,3458.5,1,DNS
3647.9,2482.2,1,DNS
571.9,1886.5,1,DNS
393619.1,35950.0,3,YOUTUBE
4148.9,1780.7,1,DNS
4383.0,758.2,1,UNKNOWN
3983.2,1472.9,1,DNS
3329.5,1988.6,1,DNS
128164.1,32443.8,5,DISCORD
279441.0,73126.1,2,HTTPS
184666.3,65026.7,2,HTTPS
1182266.9,53277.3,3,YOUTUBE
548876.5,25412.5,3,YOUTUBE
25867.9,113045.1,5,RTP
4989.5,498.1,1,DNS
280977.8,19517.3,2,HTTPS
882936.9,57082.1,3,YOUTUBE
3718.6,3420.9,1,DNS
124575.7,49871.3,3,YOUTUBE
689475.3,30572.4,3,YOUTUBE
314.3,217.9,1,MDNS
231454.8,30233.3,2,HTTPS
1134873.0,15964.6,3,YOUTUBE
221175.5,70657.7,2,HTTPS
1889.5,2121.4,1,DNS
137599.4,96704.5,5,WHATSAPP_CALL
657332.8,59087.5,3,YOUTUBE
42550.6,87578.1,5,RTP
1689.7,1795.8,1,DNS.GOOGLE
81782.3,24377.0,2,HTTPS
591.2,1799.9,1,DNS
1770.4,1934.6,5,STUN
3609.5,2641.6,1,DNS.GOOGLE
40632.7,22543.3,2,HTTPS
1398681.5,75571.1,3,YOUTUBE
15052.3,35650.7,2,HTTPS
297181.4,14928.3,3,INSTAGRAM
921.1,726.3,1,MDNS
2131.1,2316.4,1,DNS
53328.3,72307.0,3,INSTAGRAM
244761.6,63579.8,3,FACEBOOK
11.9,148.5,1,ICMP
2354.7,1753.7,1,DNS
1260466.8,32482.7,3,YOUTUBE
245178.0,22427.8,3,YOUTUBE
3673.7,2816.2,1,DNS.GOOGLE
269201.8,48297.2,2,HTTPS
3317.1,1641.6,1,DNS
787567.4,60867.7,3,YOUTUBE
93604.4,10325.8,2,CDN_DOWNLOAD
2907.8,3609.7,1,DNS
1273894.9,45535.5,3,YOUTUBE
1729.2,878.0,1,DNS
245126.2,59300.8,2,HTTPS
711.0,1605.5,5,STUN
942442.4,14449.3,3,YOUTUBE
769.0,1240.6,1,DNS
1333756.3,32405.5,3,YOUTUBE
197985.0,116718.3,5,WHATSAPP_CALL
139958.1,34035.4,5,WHATSAPP_CALL
252443.0,60879.4,2,HTTPS
271249.7,76868.8,2,HTTPS
1208538.4,5633.2,3,YOUTUBE
24639.9,42424.0,5,RTP
307024.3,22498.5,2,CDN_DOWNLOAD
1255004.8,33019.5,3,YOUTUBE
213365.0,67890.0,2,HTTPS
676785.6,29990.4,3,YOUTUBE
993.3,593.4,1,MDNS
109347.7,8167.2,2,HTTPS
2936.7,1048.6,1,DNS.GOOGLE
450356.6,64909.3,3,YOUTUBE
1176716.1,72146.9,3,YOUTUBE
4638.7,1846.8,1,DNS
162955.5,57866.2,5,WHATSAPP_CALL
671.3,705.7,1,MDNS
192176.7,2621.7,2,HTTPS
115981.7,75566.7,2,HTTPS
1348.5,799.6,1,UNKNOWN
152040.9,53151.0,5,RTP
263379.9,76165.0,2,HTTPS
757.0,32.5,1,MDNS
169532.5,18266.7,2,HTTPS
128357.0,22519.8,2,HTTPS
3002.7,2623.3,1,DNS
1002564.4,22106.1,3,YOUTUBE
1313.1,1310.0,1,DNS
1205282.0,42260.0,3,YOUTUBE
2508.6,566.8,1,DNS
264864.1,60887.0,2,HTTPS
4852.9,1436.5,1,DNS
605.6,2350.4,1,UNKNOWN
745.0,2848.5,1,DNS
236630.9,41280.4,3,INSTAGRAM
108051.4,70620.4,5,RTP
90824.4,41584.0,2,HTTPS
317474.6,10776.3,3,FACEBOOK
1120.3,1021.1,1,DNS.GOOGLE
2321.4,1715.0,1,DNS
68297.1,113305.2,5,WHATSAPP_CALL
4128.9,1372.3,1,DNS
2948.0,832.8,1,DNS
189459.5,75934.5,2,HTTPS
1668.5,3044.6,1,UNKNOWN
218057.5,64588.2,2,HTTPS
212895.5,73153.8,2,HTTPS
2256.3,1999.3,1,DNS.GOOGLE
575041.7,23851.8,3,YOUTUBE
163031.1,69058.4,2,HTTPS
241379.2,73031.0,2,HTTPS
1235.0,2986.7,1,DNS
66233.7,2560.8,2,CDN_DOWNLOAD
96134.3,13142.2,2,CDN_DOWNLOAD
277571.0,33639.3,3,YOUTUBE
232861.4,21290.1,2,HTTPS
793.5,3179.4,1,DNS
682.0,3715.6,1,UNKNOWN
607.6,480.8,1,DNS
233468.1,36153.5,3,INSTAGRAM
249924.2,49180.0,2,HTTPS
222082.7,63824.4,2,HTTPS
183679.0,26350.8,2,HTTPS
2659.3,289.0,1,DNS
1172.8,1204.2,1,DNS
2372.9,1491.6,1,UNKNOWN
290231.5,45757.7,2,HTTPS
1366115.3,55654.4,3,YOUTUBE
10077.7,40768.7,2,HTTPS
1989.1,2277.0,1,DNS
71098.0,78064.9,2,HTTPS
1314.2,1605.3,1,DNS
982086.9,36581.4,3,YOUTUBE
195647.1,27877.5,5,RTP
260124.2,40205.3,2,HTTPS
46692.5,50086.1,2,HTTPS
1098397.0,58830.7,3,YOUTUBE
231385.5,21657.9,2,HTTPS
1821.8,772.3,1,DNS
2913.5,1744.8,1,DNS
208667.2,60893.0,2,HTTPS
118206.0,57257.2,5,RTP
1629.5,3558.9,1,UNKNOWN
1295046.7,99311.8,3,YOUTUBE
35987.9,56541.9,2,HTTPS
3833.1,816.0,1,DNS
748.2,1369.0,1,DNS.GOOGLE
17421.8,69385.5,5,DISCORD
241930.3,40001.1,2,HTTPS
2233.6,1258.3,1,DNS.GOOGLE
2290.3,1318.0,1,DNS
141803.0,85534.8,5,WHATSAPP_CALL
1877.0,3268.6,1,UNKNOWN
159359.1,17948.0,2,HTTPS
3580.9,2620.9,1,UNKNOWN
141549.6,75023.8,2,HTTPS
149623.4,130073.5,5,WHATSAPP_CALL
159691.6,66693.8,2,HTTPS
127809.4,13727.2,2,HTTPS
293208.0,26323.6,2,HTTPS
209743.3,43943.1,2,HTTPS
493.3,1981.0,1,DNS
108383.6,45614.2,2,HTTPS
190502.4,74374.6,2,HTTPS
4139.6,3498.8,1,DNS
1549.6,3141.3,1,UNKNOWN
1422.8,2255.9,1,DNS
415.1,804.5,1,UNKNOWN
98395.9,24720.3,3,INSTAGRAM
240080.9,47810.7,2,HTTPS
1387.6,2338.7,1,DNS.GOOGLE
1407.9,4046.1,1,UNKNOWN
274028.8,49973.6,3,FACEBOOK
236092.7,79148.8,2,HTTPS
241989.4,13426.3,2,HTTPS
263011.2,27220.4,2,HTTPS
39831.9,53612.0,3,FACEBOOK
1014021.2,36073.5,3,YOUTUBE
220079.9,58213.8,3,YOUTUBE
2050.5,2003.0,1,DNS
2705.5,2216.6,1,DNS
340032.7,95759.2,3,FACEBOOK
425122.2,21917.7,2,CDN_DOWNLOAD
573.7,407.4,1,MDNS
2772.9,1717.9,1,DNS.GOOGLE
554861.7,7403.1,3,YOUTUBE
2437.2,2746.1,1,DNS
79858.4,46984.6,3,INSTAGRAM
188.1,78.3,1,ICMP
225550.4,2832.4,2,HTTPS
812703.8,5533.4,3,YOUTUBE
651.7,1601.7,1,DNS
4623.5,2505.7,1,DNS
86110.7,39341.3,2,HTTPS
210172.2,21737.0,2,HTTPS
4856.6,4125.5,1,UNKNOWN
929.7,797.9,1,MDNS
2466.8,2393.6,1,UNKNOWN
305222.8,81705.9,3,FACEBOOK
13506.9,71752.7,2,HTTPS
222177.9,69931.2,2,HTTPS
128773.9,67972.6,2,HTTPS
193056.1,6861.4,2,HTTPS
165504.6,78705.5,2,HTTPS
186131.1,3300.6,2,HTTPS
852.8,273.7,1,MDNS
273602.9,49013.6,3,INSTAGRAM
282353.2,28335.3,2,CDN_DOWNLOAD
4221.0,2744.6,1,DNS
248389.0,41119.0,2,HTTPS
43511.2,38254.9,3,INSTAGRAM
1153.7,2120.8,1,DNS
225314.4,67353.1,2,HTTPS
85760.1,29353.4,2,HTTPS
2927.2,2845.9,1,DNS
721357.8,16044.9,3,YOUTUBE
220217.4,16481.4,2,HTTPS
4829.9,3845.3,1,UNKNOWN
948.4,1186.1,1,DNS.GOOGLE
218661.6,21245.1,2,HTTPS
653.0,724.1,1,MDNS
227970.6,12353.3,2,HTTPS
213244.6,15884.3,2,HTTPS
98084.6,19624.9,2,HTTPS
265652.7,15814.7,2,HTTPS
3548.3,1205.3,1,DNS
889109.4,38141.6,3,YOUTUBE
2264.9,3173.6,1,UNKNOWN
26611.6,127687.8,5,RTP
2782.2,1000.5,1,DNS
117138.0,65818.1,3,INSTAGRAM
57340.5,109453.3,5,RTP
1253293.6,80458.0,3,YOUTUBE
233155.7,22140.7,2,HTTPS
95599.7,15953.3,3,YOUTUBE
956.5,742.1,1,UNKNOWN
1880.2,1920.7,1,UNKNOWN
198.2,3521.4,1,UNKNOWN
4350.6,89.1,1,UNKNOWN
1806.6,2661.9,1,DNS
274378.9,25889.5,2,HTTPS
319933.1,7066.2,3,YOUTUBE
102160.2,92755.3,5,RTP
629033.5,84239.2,3,YOUTUBE
1991.4,1483.9,1,DNS
1521.9,4855.3,1,UNKNOWN
310005.7,90582.2,3,FACEBOOK
660429.7,78536.9,3,YOUTUBE
230337.6,2799.5,2,CDN_DOWNLOAD
1387412.7,89226.5,3,YOUTUBE
189140.8,37784.7,5,DISCORD
152851.5,28184.7,5,DISCORD
4807.6,3887.2,1,DNS
3876.0,3245.7,1,DNS
289746.0,5080.1,3,YOUTUBE
265471.6,25500.0,2,HTTPS
74674.2,17859.1,2,HTTPS
77196.1,55407.7,2,HTTPS
393.0,397.6,1,MDNS
2459.8,2809.8,1,DNS
275593.3,55132.8,3,INSTAGRAM
147120.3,118012.6,5,RTP
42908.2,61517.5,2,HTTPS
233111.8,72045.7,2,HTTPS
151467.0,72320.0,5,RTP
544.0,2055.6,1,DNS
184200.1,21627.1,3,INSTAGRAM
3846.2,1877.2,1,UNKNOWN
4151.5,2520.2,1,DNS
3666.9,1972.2,1,DNS.GOOGLE
60451.3,18476.1,2,HTTPS
542400.7,67134.3,3,YOUTUBE
463198.0,41747.5,3,YOUTUBE
26268.8,144399.2,5,RTP
985.0,2792.9,1,DNS
481.0,93.6,1,MDNS
48393.4,69685.0,3,INSTAGRAM
22200.4,58068.5,5,RTP
606785.9,48195.7,3,YOUTUBE
1441885.5,43161.8,3,YOUTUBE
1281.5,850.1,1,DNS.GOOGLE
3030.1,4022.0,1,UNKNOWN
590596.7,49987.0,3,YOUTUBE
2768.1,1586.5,1,DNS
3924.9,1642.0,1,DNS.GOOGLE
3438.7,771.5,1,DNS
4684.0,2442.6,1,DNS
244786.4,58755.0,2,HTTPS
120388.2,31762.8,3,YOUTUBE
149438.3,30634.1,2,HTTPS
280827.3,28971.0,3,FACEBOOK
1621.5,3312.8,1,DNS
309155.9,38904.1,3,YOUTUBE
100766.6,51606.7,2,HTTPS
1805.5,231.2,1,UNKNOWN
89615.5,11303.5,3,INSTAGRAM
219402.3,51367.8,2,HTTPS
448309.5,97326.0,3,YOUTUBE
88348.2,66917.9,3,INSTAGRAM
740.7,433.1,1,MDNS
160977.4,40415.6,3,YOUTUBE
293168.8,51749.5,2,HTTPS
165126.9,98125.3,3,FACEBOOK
278595.0,60442.8,2,HTTPS
82456.0,95284.1,3,YOUTUBE
3333.9,3555.1,1,DNS
450.4,119.6,1,MDNS
81987.8,25649.7,2,HTTPS
1288653.3,28156.5,3,YOUTUBE
87362.5,78844.0,5,RTP
1804.1,2265.9,1,DNS.GOOGLE
1179.7,2047.2,1,DNS.GOOGLE
4551.4,3407.1,1,UNKNOWN
2154.5,271.1,1,DNS
822.9,1214.8,1,DNS
4880.2,1624.9,1,UNKNOWN
10331.5,27319.5,2,HTTPS
89910.2,57538.6,2,HTTPS
125824.5,100694.3,5,RTP
2067.4,3733.5,1,DNS
105475.8,29016.6,2,HTTPS
719824.0,75544.3,3,YOUTUBE
210829.0,54492.9,2,HTTPS
354.9,3438.7,1,DNS
129963.0,88585.6,5,DISCORD
1196.2,3942.5,1,DNS
1600.8,1398.3,1,DNS
176.9,3143.1,1,UNKNOWN
108729.8,35659.4,2,HTTPS
7.6,194.8,1,ICMP
761597.5,27298.3,3,YOUTUBE
43705.5,96961.4,5,WHATSAPP_CALL
124.1,198.1,1,MDNS
115.4,38.2,1,ICMP
234369.8,59287.9,2,HTTPS
2160.9,3054.9,1,DNS
3076.4,1413.7,1,DNS
707.1,3562.1,1,DNS
154733.1,54488.5,5,DISCORD
618651.4,86610.4,3,YOUTUBE
722675.2,83483.2,3,YOUTUBE
1389670.3,21874.5,3,YOUTUBE
2756.8,1469.4,1,DNS
299792.5,91191.7,3,YOUTUBE
3334.9,3902.1,1,DNS
3254.8,2551.7,1,DNS
187876.5,79915.0,2,HTTPS
3668.8,4730.2,1,UNKNOWN
1399.7,2363.4,1,DNS
181901.3,40178.1,3,YOUTUBE
267383.5,54058.7,3,INSTAGRAM
1301985.5,85779.4,3,YOUTUBE
113874.0,70222.7,2,HTTPS
281456.6,73868.1,2,HTTPS
1606.3,3598.9,1,DNS
141048.0,21113.7,2,HTTPS
4948.9,3993.9,1,UNKNOWN
105040.8,25562.0,5,DISCORD
1676.4,4604.8,1,UNKNOWN
141352.6,77073.0,2,HTTPS
14535.2,54796.0,2,HTTPS
995.7,693.9,1,MDNS
128041.4,22282.3,2,HTTPS
53875.0,63244.7,3,INSTAGRAM
2684.8,167.4,1,UNKNOWN
1102746.0,32831.5,3,YOUTUBE
4147.1,3121.3,1,DNS
3639.8,2143.9,1,DNS
2160.1,664.1,1,UNKNOWN
82437.2,66367.8,2,HTTPS
536.0,590.0,1,DNS.GOOGLE
1831.2,3669.3,1,DNS
57815.3,28112.0,5,RTP
398.1,4501.0,1,UNKNOWN
404856.2,29700.0,3,YOUTUBE
2334.4,3192.0,1,DNS
179104.7,49582.1,3,INSTAGRAM
677.3,936.4,1,DNS.GOOGLE
114401.1,30292.5,2,HTTPS
4735.0,801.5,1,DNS
2392.2,2227.3,1,UNKNOWN
3769.9,2841.3,1,DNS
91238.2,31969.7,2,HTTPS
169.2,1097.7,1,UNKNOWN
3004.3,1185.8,1,DNS
228728.0,79708.8,3,INSTAGRAM
3168.6,847.6,1,DNS
948.2,3439.9,1,DNS
1996.9,3488.6,1,DNS
295225.3,54897.5,3,YOUTUBE
269654.4,3110.1,2,HTTPS
204065.1,10660.6,2,CDN_DOWNLOAD
87103.1,62685.1,2,HTTPS
2635.0,1133.9,1,DNS.GOOGLE
1373418.6,91098.7,3,YOUTUBE
850.4,633.0,1,MDNS
381138.4,24240.3,3,YOUTUBE
2010.5,539.3,1,UNKNOWN
522.5,2302.5,1,DNS
1124823.9,87898.5,3,YOUTUBE
20635.2,89338.3,5,DISCORD
80541.3,59676.0,2,HTTPS
202226.0,23381.5,3,INSTAGRAM
147698.5,8017.5,3,INSTAGRAM
2773.3,502.2,1,UNKNOWN
250054.3,6966.2,2,HTTPS
114060.4,23216.8,5,WHATSAPP_CALL
177774.8,47339.1,2,HTTPS
828553.8,79234.2,3,YOUTUBE
3242.7,946.4,1,DNS
29598.9,17396.9,2,HTTPS
361741.2,51286.9,3,YOUTUBE
893484.6,86808.2,3,YOUTUBE
266522.7,62636.9,2,HTTPS
242700.9,49924.2,2,HTTPS
50717.9,76683.2,3,YOUTUBE
2478.2,923.8,1,UNKNOWN
795590.3,95386.4,3,YOUTUBE
4362.9,1146.3,1,DNS
2894.1,1373.5,1,DNS
1466982.0,94841.2,3,YOUTUBE
512850.9,97563.7,3,YOUTUBE
286539.8,11228.2,3,YOUTUBE
491729.4,92903.1,3,YOUTUBE
974930.3,56166.1,3,YOUTUBE
234743.6,61502.5,2,HTTPS
153025.0,26961.2,2,HTTPS
199229.8,33505.8,3,YOUTUBE
2867.9,815.3,1,UNKNOWN
231087.2,63293.3,2,HTTPS
621.8,151.0,1,MDNS
196419.3,101488.7,5,DISCORD
3141.0,881.2,1,DNS.GOOGLE
262391.8,25974.7,2,CDN_DOWNLOAD
895.9,1468.1,1,DNS
3777.0,1908.9,1,DNS
620636.2,44626.7,3,YOUTUBE
1675.9,2909.2,1,DNS.GOOGLE
4065.8,3904.9,1,DNS
176.0,2142.6,1,DNS.GOOGLE
216418.4,24994.2,2,HTTPS
1744.9,3205.5,1,DNS
2887.9,957.9,1,DNS
153368.3,68799.5,2,HTTPS
76725.7,27387.7,2,HTTPS
1095832.8,49637.8,3,YOUTUBE
18740.0,102318.6,5,DISCORD
274488.5,41528.1,3,INSTAGRAM
3112.2,1625.1,1,DNS
193690.5,23531.6,2,HTTPS
4633.3,621.9,1,DNS
226198.7,27314.6,2,HTTPS
1713.7,540.1,1,DNS.GOOGLE
93162.4,17599.6,2,HTTPS
77341.9,46673.2,2,HTTPS
1116.8,1640.0,1,DNS.GOOGLE
304.9,3134.0,1,DNS
236840.7,57489.4,2,HTTPS
4296.5,3639.4,1,DNS
1332648.6,22493.3,3,YOUTUBE
718165.4,36636.1,3,YOUTUBE
3529.2,1314.0,1,UNKNOWN
190.2,445.7,1,DNS.GOOGLE
2102.3,2048.2,1,DNS
160877.2,73212.6,2,HTTPS
73491.8,46534.7,3,YOUTUBE
153742.4,64265.7,2,HTTPS
2018.8,1767.0,1,DNS.GOOGLE
3680.1,2848.3,1,UNKNOWN
158311.8,84446.7,5,DISCORD
172333.9,26843.6,5,RTP
129805.7,149048.2,5,WHATSAPP_CALL
3091.7,1349.7,1,DNS.GOOGLE
2366.2,3546.1,1,DNS
202124.2,10476.9,3,INSTAGRAM
1718.9,2662.2,1,UNKNOWN
249658.4,37429.8,3,INSTAGRAM
174547.7,2495.6,2,HTTPS
23396.9,45406.0,5,RTP
425336.8,26174.5,3,YOUTUBE
1653.3,2315.9,1,UNKNOWN
3856.5,2893.5,1,UNKNOWN
4425.5,3495.5,1,DNS
233032.6,18079.2,2,HTTPS
12736.2,48949.9,2,HTTPS
786.1,445.9,1,MDNS
197357.5,10829.4,2,CDN_DOWNLOAD
66598.1,25628.5,2,HTTPS
443063.0,93948.7,3,YOUTUBE
109826.7,12710.3,2,HTTPS
187063.6,84244.9,3,FACEBOOK
2331.0,3027.0,1,DNS
126516.6,38510.9,3,INSTAGRAM
1187.0,1645.9,1,DNS
36713.3,38638.1,5,RTP
150413.3,31430.0,5,WHATSAPP_CALL
569.4,1518.4,1,DNS.GOOGLE
3755.9,1618.6,1,UNKNOWN
295619.9,64383.7,2,HTTPS
1425.4,625.6,1,DNS
60520.6,81324.1,3,YOUTUBE
4316.0,1547.8,1,DNS
426440.6,14156.2,2,CDN_DOWNLOAD
321.7,799.8,1,MDNS
194856.7,32395.5,2,HTTPS
1429398.3,31098.0,3,YOUTUBE
1636.7,746.6,1,UNKNOWN
171550.9,11980.0,2,HTTPS
210045.7,61458.5,2,HTTPS
241702.2,69574.9,2,HTTPS
1877.4,2103.6,1,UNKNOWN
55863.9,75030.7,2,HTTPS
150973.7,123444.8,5,DISCORD
264327.8,10532.5,2,HTTPS
151778.8,25873.1,2,HTTPS
4547.6,1362.6,1,UNKNOWN
3959.7,1460.0,1,DNS
33004.7,87842.7,3,FACEBOOK
28369.9,65900.0,5,WHATSAPP_CALL
2640.3,833.0,1,UNKNOWN
269670.7,9185.7,2,HTTPS
426.0,1479.5,5,STUN
2582.8,1656.5,5,STUN
182965.0,51674.7,2,HTTPS
2453.5,3631.0,1,DNS
198630.4,30515.5,2,HTTPS
3590.1,2415.1,1,UNKNOWN
3422.7,669.2,1,DNS.GOOGLE
43293.2,75498.6,2,HTTPS
29245.8,9393.6,2,HTTPS
4457.2,599.9,1,DNS
59464.9,53430.8,2,HTTPS
4875.0,2739.8,1,DNS
886892.3,88940.4,3,YOUTUBE
613.7,1323.9,1,DNS.GOOGLE
2909.5,4676.4,1,UNKNOWN
272274.3,32032.3,2,HTTPS
63379.4,16209.5,2,HTTPS
15063.6,63992.2,2,HTTPS
100147.1,46622.8,2,HTTPS
548657.6,64727.7,3,YOUTUBE
123896.3,76034.1,5,RTP
188287.2,44578.6,2,HTTPS
87395.0,61943.9,2,HTTPS
80705.8,135491.1,5,WHATSAPP_CALL
4073.5,2051.9,1,DNS
1011709.7,68461.2,3,YOUTUBE
2691.6,439.8,1,DNS
3283.0,3866.1,1,DNS
72001.9,37679.8,2,HTTPS
167387.1,25065.6,2,HTTPS
136671.6,46435.6,3,FACEBOOK
340.6,2614.2,5,STUN
626459.2,94418.7,3,YOUTUBE
41.4,168.5,1,ICMP
9932.2,59206.2,2,HTTPS
3084.5,776.7,1,DNS
539.3,646.2,1,MDNS
1306.0,3799.2,1,DNS
592984.6,14513.1,3,YOUTUBE
192122.2,50218.4,2,HTTPS
758.6,147.1,1,MDNS
324349.5,26032.3,2,CDN_DOWNLOAD
4803.5,3805.8,1,DNS
4524.6,3893.6,1,DNS
197841.6,17931.4,3,FACEBOOK
50159.1,9037.2,2,CDN_DOWNLOAD
501827.8,92690.0,3,YOUTUBE
4797.6,343.2,1,UNKNOWN
890.2,3325.3,1,DNS
3247.3,2857.6,1,DNS.GOOGLE
236962.3,52394.6,2,HTTPS
1128.2,3370.5,1,DNS
289190.4,23545.0,2,HTTPS
66919.1,75267.2,3,FACEBOOK
118330.8,14414.7,2,CDN_DOWNLOAD
3810.1,103.3,1,UNKNOWN
96792.4,10003.8,2,HTTPS
2371.4,3319.1,1,UNKNOWN
799.3,3023.1,1,DNS
152084.0,98004.3,3,YOUTUBE
81447.9,51733.9,5,WHATSAPP_CALL
1206.4,2684.2,5,STUN
142625.1,47628.3,2,HTTPS
282746.0,80473.3,3,FACEBOOK
976.1,398.8,1,DNS.GOOGLE
121.9,121.0,1,ICMP
4372.9,2726.7,1,DNS
964.3,354.7,1,MDNS
4329.9,1437.0,1,UNKNOWN
97242.4,23875.3,3,INSTAGRAM
658485.8,84448.1,3,YOUTUBE
341.0,393.3,5,STUN
63694.0,81821.8,5,RTP
3338.2,564.6,1,UNKNOWN
2863.3,1725.9,1,DNS.GOOGLE
394.5,429.6,1,MDNS
88865.7,96224.4,5,WHATSAPP_CALL
3974.2,4772.7,1,UNKNOWN
220336.4,77582.9,3,YOUTUBE
3428.5,3634.4,1,DNS
2090.0,3028.4,1,DNS
3983.1,3438.5,1,DNS
808009.8,94318.7,3,YOUTUBE
133061.3,119980.2,5,RTP
157.4,2856.3,1,UNKNOWN
284055.2,9706.7,2,HTTPS
164341.1,113422.7,5,WHATSAPP_CALL
275.9,660.1,1,MDNS
4873.2,1145.1,1,DNS
119308.7,48529.4,3,YOUTUBE
54.8,159.3,1,ICMP
232388.6,44687.7,2,HTTPS
2126.3,1524.4,1,DNS
172049.6,130647.3,5,RTP
3158.7,3011.5,1,DNS
250.7,668.1,1,MDNS
217972.5,51877.2,2,HTTPS
2586.5,907.5,1,DNS
1470.5,2888.1,1,DNS
4068.3,3604.0,1,DNS
3841.3,1036.0,1,DNS.GOOGLE
176644.8,72888.8,2,HTTPS
176935.9,61757.8,3,INSTAGRAM
627058.3,71085.4,3,YOUTUBE
31710.0,48641.6,2,HTTPS
173762.1,30020.2,3,FACEBOOK
169191.8,34756.8,3,INSTAGRAM
38652.7,144070.1,5,WHATSAPP_CALL
179741.2,54678.2,5,RTP
169206.8,99946.7,3,YOUTUBE
109120.6,57058.8,3,YOUTUBE
1390.7,2497.7,1,UNKNOWN
196987.2,48122.5,5,RTP
196129.0,18845.5,2,HTTPS
76885.7,3620.4,2,HTTPS
4194.5,2101.9,1,UNKNOWN
873724.3,44170.7,3,YOUTUBE
593.5,513.0,1,MDNS
392069.8,75945.3,3,FACEBOOK
294936.5,65257.0,3,INSTAGRAM
1977.1,3620.2,1,DNS
194069.6,11998.1,2,CDN_DOWNLOAD
35553.6,130392.3,5,DISCORD
816.0,1661.0,5,STUN
294398.3,63169.1,2,HTTPS
739819.7,34781.1,3,YOUTUBE
128736.5,112214.3,5,RTP
200590.5,46555.5,3,INSTAGRAM
1449.3,1765.4,5,STUN
187547.8,40776.4,2,HTTPS
1432087.8,21277.4,3,YOUTUBE
860544.3,10466.8,3,YOUTUBE
4364.4,761.9,1,DNS
355.1,3608.4,1,UNKNOWN
1423659.1,74137.2,3,YOUTUBE
157426.7,57816.3,3,INSTAGRAM
493793.0,8025.7,2,CDN_DOWNLOAD
830673.8,69093.4,3,YOUTUBE
2935.3,3528.7,1,DNS
114904.9,17109.2,2,CDN_DOWNLOAD
1592.9,83.5,1,UNKNOWN
3569.2,1823.8,1,UNKNOWN
293319.4,49880.3,2,HTTPS
1109051.5,74592.9,3,YOUTUBE
182450.0,61188.0,2,HTTPS
58465.2,52653.7,2,HTTPS
223275.1,13465.0,3,YOUTUBE
308301.3,28572.8,2,CDN_DOWNLOAD
2156.4,2846.4,1,DNS
106272.1,9477.3,2,HTTPS
3594.9,3540.4,1,DNS
317621.3,43135.6,3,YOUTUBE
295762.6,51374.6,2,HTTPS
3808.7,2190.7,1,DNS
183817.0,78596.8,2,HTTPS
115078.4,15144.0,2,HTTPS
110533.0,10652.5,5,DISCORD
332.7,3639.6,1,DNS
1296070.0,95792.6,3,YOUTUBE
188157.4,16179.4,2,HTTPS
106848.1,70023.6,2,HTTPS
127949.3,92488.0,5,WHATSAPP_CALL
288419.7,88568.8,3,FACEBOOK
48910.7,65881.6,2,HTTPS
16438.4,43932.0,2,HTTPS
188733.8,123008.7,5,DISCORD
1598.9,1526.4,1,DNS
157954.2,72218.0,2,HTTPS
925079.9,99747.5,3,YOUTUBE
188807.3,140361.9,5,WHATSAPP_CALL
613826.5,47553.9,3,YOUTUBE
168566.2,28390.8,2,HTTPS
1349.4,3306.8,1,DNS
124264.0,29949.1,2,HTTPS
185802.4,124472.5,5,WHATSAPP_CALL
147374.7,128273.4,5,WHATSAPP_CALL
158353.9,53754.0,2,HTTPS
2731.2,2385.3,1,DNS
621568.1,56906.2,3,YOUTUBE
99493.3,36936.6,2,HTTPS
283552.9,35252.9,2,HTTPS
169463.9,7264.2,3,YOUTUBE
170569.6,49553.7,2,HTTPS
4963.0,3128.8,1,DNS
2825.7,1629.9,1,DNS.GOOGLE
284300.1,25955.3,2,HTTPS
4504.4,2736.8,1,UNKNOWN
3704.1,2694.7,1,UNKNOWN
94369.0,16682.6,2,HTTPS
19962.7,125555.2,5,DISCORD
300645.2,54778.5,3,FACEBOOK
114393.1,56536.3,2,HTTPS
37757.1,143245.2,5,WHATSAPP_CALL
290716.0,11931.5,3,FACEBOOK
65987.4,51952.8,2,HTTPS
277015.5,18070.3,2,HTTPS
278807.4,5355.4,3,INSTAGRAM
245023.1,66841.7,2,HTTPS
2962.5,2497.1,5,STUN
4221.4,370.1,1,DNS
77621.1,54145.6,2,HTTPS
180679.4,59201.3,3,FACEBOOK
637.4,187.8,1,MDNS
299920.8,30898.4,3,FACEBOOK
136448.5,36023.0,3,INSTAGRAM
4525.2,3303.6,1,DNS
920188.0,64521.0,3,YOUTUBE
3540.8,1906.7,1,DNS
1138.2,3206.1,1,UNKNOWN
271154.1,40105.9,2,HTTPS
101576.7,75593.2,2,HTTPS
3468.3,3736.4,1,DNS
2774.0,1281.9,1,DNS
207313.5,16343.1,3,YOUTUBE
179124.8,143278.2,5,RTP
772052.5,17075.9,3,YOUTUBE
95.4,24.5,1,ICMP
250762.9,16389.3,2,HTTPS
3245.0,801.1,1,DNS.GOOGLE
2207.4,756.7,1,UNKNOWN
234.0,4671.4,1,UNKNOWN
837.0,710.3,1,DNS.GOOGLE
2930.2,3804.6,1,DNS
4762.0,3703.0,1,DNS
1163.1,2647.7,1,DNS
934.9,1308.9,1,DNS
59269.1,17158.4,2,HTTPS
2211.2,4363.1,1,UNKNOWN
77504.0,43227.4,2,HTTPS
257877.0,96596.8,3,YOUTUBE
207005.0,33974.1,2,HTTPS
946950.0,21141.9,3,YOUTUBE
216667.5,6017.6,2,CDN_DOWNLOAD
73930.3,31734.6,2,HTTPS
1229873.8,78026.1,3,YOUTUBE
71232.8,51006.4,2,HTTPS
157189.8,66641.9,3,YOUTUBE
188698.0,102046.7,5,WHATSAPP_CALL
3157.0,1908.8,1,DNS
2763.2,1876.6,1,DNS.GOOGLE
4942.3,1928.9,1,DNS
47564.8,87421.4,5,WHATSAPP_CALL
893.2,2621.0,1,DNS
290374.2,79933.0,2,HTTPS
159869.7,6989.0,3,FACEBOOK
45917.1,77090.8,5,RTP
171619.6,22023.9,3,INSTAGRAM
4232.6,1541.2,1,DNS
239513.3,13696.3,2,CDN_DOWNLOAD
144290.0,34133.2,3,INSTAGRAM
1764.9,1715.8,1,DNS
77656.2,21271.9,3,INSTAGRAM
62407.6,70141.3,2,HTTPS
3105.8,4506.8,1,UNKNOWN
